{"schema":6,"addons":[{"id":"langpack-en-CA@firefox.mozilla.org","icons":{"32":"https://addons.mozilla.org/static-server/img/addon-icons/default-32.png","64":"https://addons.mozilla.org/static-server/img/addon-icons/default-64.png","128":"https://addons.mozilla.org/static-server/img/addon-icons/default-128.png"},"name":"Language: English (CA)","version":"141.0.20250717.180000","sourceURI":"https://addons.mozilla.org/firefox/downloads/file/4536683/english_ca_language_pack-141.0.20250717.180000.xpi","homepageURL":null,"supportURL":null,"amoListingURL":"https://addons.mozilla.org/de/firefox/addon/english-ca-language-pack/","description":"Firefox Language Pack for English (CA) (en-CA)","fullDescription":null,"weeklyDownloads":88,"type":"locale","creator":{"name":"Firefox","url":"https://addons.mozilla.org/de/firefox/user/4757633/"},"developers":[],"screenshots":[],"contributionURL":"","averageRating":4.2727,"reviewCount":9,"reviewURL":"https://addons.mozilla.org/de/firefox/addon/english-ca-language-pack/reviews/","updateDate":1752786645000},{"id":"langpack-en-GB@firefox.mozilla.org","icons":{"32":"https://addons.mozilla.org/static-server/img/addon-icons/default-32.png","64":"https://addons.mozilla.org/static-server/img/addon-icons/default-64.png","128":"https://addons.mozilla.org/static-server/img/addon-icons/default-128.png"},"name":"English (GB) Language Pack","version":"141.0.20250717.180000","sourceURI":"https://addons.mozilla.org/firefox/downloads/file/4536682/english_gb_language_pack-141.0.20250717.180000.xpi","homepageURL":null,"supportURL":null,"amoListingURL":"https://addons.mozilla.org/de/firefox/addon/english-gb-language-pack/","description":"English (GB) Language Pack","fullDescription":null,"weeklyDownloads":1228,"type":"locale","creator":{"name":"Firefox","url":"https://addons.mozilla.org/de/firefox/user/4757633/"},"developers":[],"screenshots":[],"contributionURL":"","averageRating":3.7394,"reviewCount":283,"reviewURL":"https://addons.mozilla.org/de/firefox/addon/english-gb-language-pack/reviews/","updateDate":1752786643000},{"id":"langpack-de@firefox.mozilla.org","icons":{"32":"https://addons.mozilla.org/static-server/img/addon-icons/default-32.png","64":"https://addons.mozilla.org/static-server/img/addon-icons/default-64.png","128":"https://addons.mozilla.org/static-server/img/addon-icons/default-128.png"},"name":"Deutsch (DE) Language Pack","version":"141.0.20250717.180000","sourceURI":"https://addons.mozilla.org/firefox/downloads/file/4536605/deutsch_de_language_pack-141.0.20250717.180000.xpi","homepageURL":null,"supportURL":null,"amoListingURL":"https://addons.mozilla.org/de/firefox/addon/deutsch-de-language-pack/","description":"Deutsch (DE) Language Pack","fullDescription":null,"weeklyDownloads":813,"type":"locale","creator":{"name":"Firefox","url":"https://addons.mozilla.org/de/firefox/user/4757633/"},"developers":[],"screenshots":[],"contributionURL":"","averageRating":4.1396,"reviewCount":269,"reviewURL":"https://addons.mozilla.org/de/firefox/addon/deutsch-de-language-pack/reviews/","updateDate":1752785473000},{"id":"uBlock0@raymondhill.net","icons":{"32":"https://addons.mozilla.org/user-media/addon_icons/607/607454-32.png?modified=mcrushed","64":"https://addons.mozilla.org/user-media/addon_icons/607/607454-64.png?modified=mcrushed","128":"https://addons.mozilla.org/user-media/addon_icons/607/607454-128.png?modified=mcrushed"},"name":"uBlock Origin","version":"1.65.0","sourceURI":"https://addons.mozilla.org/firefox/downloads/file/4531307/ublock_origin-1.65.0.xpi","homepageURL":"https://github.com/gorhill/uBlock#ublock-origin","supportURL":"https://old.reddit.com/r/uBlockOrigin/","amoListingURL":"https://addons.mozilla.org/de/firefox/addon/ublock-origin/","description":"Endlich ein effizienter Blocker. Prozessor-freundlich und bescheiden beim Speicherbedarf.","fullDescription":"Ein effizienter Blocker: Geringer Speicherbedarf und niedrige CPU-Belastung - und dennoch werden Tausende an Filtern mehr angewendet als bei anderen populären Blockern.\n\nBenutzung: Der An-/Ausschaltknopf beim Klicken des Erweiterungssymbols dient zum An-/Ausschalten von uBlock auf der aktuellen Webseite. Dies wirkt sich also nur auf die aktuelle Webseite aus und nicht global.\n\n***\n\nuBlock ist flexibel, denn es ist mehr als ein \"Werbeblocker\": Es verarbeitet auch Filter aus mehreren hosts-Dateien.\n\nStandardmäßig werden folgende Filterlisten geladen und angewandt:\n\n- EasyList (Werbung)\n- EasyPrivacy (Tracking)\n- Peter Lowe’s Ad server list (Werbung und Tracking)\n- Online Malicious URL Blocklist\n- uBO's eigene Filterlisten\n\nAuf Wunsch können zusätzliche Listen ausgewählt werden:\n\n- EasyList Cookie\n- Fanboy Annoyances\n- AdGuard Annoyances\n- Dan Pollock’s hosts file\n- Und viele weitere\n\n***\n\nOhne die vorgegebenen Filterlisten ist diese Erweiterung nichts. Wenn du also etwas beitragen möchtest, dann denke an die Menschen, die hart dafür arbeiten, die von dir benutzten Filterlisten zu pflegen, und diese für uns alle frei verfügbar gemacht haben.\n\n***\n\nKostenlos.\nOpen source mit Public License (GPLv3)\nFür Benutzer von Benutzern.\n\nMitwirkende @ Github: https://github.com/gorhill/uBlock/graphs/contributors\nMitwirkende @ Crowdin: https://crowdin.net/project/ublock\n\n***\n\nChange log des Projekts:\nhttps://github.com/gorhill/uBlock/releases","weeklyDownloads":272675,"type":"extension","creator":{"name":"Raymond Hill","url":"https://addons.mozilla.org/de/firefox/user/11423598/"},"developers":[],"screenshots":[{"url":"https://addons.mozilla.org/user-media/previews/full/238/238546.png?modified=1622132421","width":1011,"height":758,"thumbnailURL":"https://addons.mozilla.org/user-media/previews/thumbs/238/238546.jpg?modified=1622132421","thumbnailWidth":533,"thumbnailHeight":400,"caption":"The popup panel: default mode"},{"url":"https://addons.mozilla.org/user-media/previews/full/238/238548.png?modified=1622132423","width":1011,"height":758,"thumbnailURL":"https://addons.mozilla.org/user-media/previews/thumbs/238/238548.jpg?modified=1622132423","thumbnailWidth":533,"thumbnailHeight":400,"caption":"The dashboard: stock filter lists"},{"url":"https://addons.mozilla.org/user-media/previews/full/238/238547.png?modified=1622132425","width":1011,"height":758,"thumbnailURL":"https://addons.mozilla.org/user-media/previews/thumbs/238/238547.jpg?modified=1622132425","thumbnailWidth":533,"thumbnailHeight":400,"caption":"The popup panel: default-deny mode"},{"url":"https://addons.mozilla.org/user-media/previews/full/238/238549.png?modified=1622132426","width":1011,"height":758,"thumbnailURL":"https://addons.mozilla.org/user-media/previews/thumbs/238/238549.jpg?modified=1622132426","thumbnailWidth":533,"thumbnailHeight":400,"caption":"The dashboard: settings"},{"url":"https://addons.mozilla.org/user-media/previews/full/238/238552.png?modified=1622132430","width":970,"height":1800,"thumbnailURL":"https://addons.mozilla.org/user-media/previews/thumbs/238/238552.jpg?modified=1622132430","thumbnailWidth":216,"thumbnailHeight":400,"caption":"The popup panel in Firefox Preview: default mode with more blocking options revealed"},{"url":"https://addons.mozilla.org/user-media/previews/full/230/230370.png?modified=1622132432","width":800,"height":600,"thumbnailURL":"https://addons.mozilla.org/user-media/previews/thumbs/230/230370.jpg?modified=1622132432","thumbnailWidth":533,"thumbnailHeight":400,"caption":"The unified logger tells you all that uBO is seeing and doing"}],"contributionURL":"","averageRating":4.7974,"reviewCount":5361,"reviewURL":"https://addons.mozilla.org/de/firefox/addon/ublock-origin/reviews/","updateDate":1752743733000},{"id":"jid1-q4sG8pYhq8KGHs@jetpack","icons":{"32":"https://addons.mozilla.org/user-media/addon_icons/599/599154-32.png?modified=a898f7bf","64":"https://addons.mozilla.org/user-media/addon_icons/599/599154-64.png?modified=a898f7bf","128":"https://addons.mozilla.org/user-media/addon_icons/599/599154-128.png?modified=a898f7bf"},"name":"AdBlocker for YouTube™","version":"0.5.3","sourceURI":"https://addons.mozilla.org/firefox/downloads/file/4510595/adblock_for_youtube-0.5.3.xpi","homepageURL":"https://mybrowseraddon.com/adblocker-for-youtube.html","supportURL":"https://mybrowseraddon.com/adblocker-for-youtube.html","amoListingURL":"https://addons.mozilla.org/de/firefox/addon/adblock-for-youtube/","description":"Remove all annoying ads from YouTube.","fullDescription":"AdBlocker for YouTube™ removes all annoying ads from YouTube.\n\nImportant features:\n\n1. Removes video and display ads from YouTube\n2. Loads the YouTube website and videos faster\n3. Supports both Firefox desktop and mobile (Android)\n\nNote: For more information and bug reporting, please visit AdBlocker for YouTube™ homepage.","weeklyDownloads":15921,"type":"extension","creator":{"name":"AdblockLite","url":"https://addons.mozilla.org/de/firefox/user/11285580/"},"developers":[],"screenshots":[{"url":"https://addons.mozilla.org/user-media/previews/full/288/288828.png?modified=1697692754","width":920,"height":680,"thumbnailURL":"https://addons.mozilla.org/user-media/previews/thumbs/288/288828.jpg?modified=1697692754","thumbnailWidth":533,"thumbnailHeight":394},{"url":"https://addons.mozilla.org/user-media/previews/full/184/184888.png?modified=1697692751","width":684,"height":525,"thumbnailURL":"https://addons.mozilla.org/user-media/previews/thumbs/184/184888.jpg?modified=1697692751","thumbnailWidth":521,"thumbnailHeight":400}],"contributionURL":"https://paypal.me/supportdevelopment/10usd?utm_content=product-page-contribute&utm_medium=referral&utm_source=addons.mozilla.org","averageRating":3.8515,"reviewCount":525,"reviewURL":"https://addons.mozilla.org/de/firefox/addon/adblock-for-youtube/reviews/","updateDate":1749650870000}]}